category,file_name,full_path,duration,sampling_rate
hungry,D54D9C2A-56ED-4338-9D1F-2ADB4E081DAD-1430036283-1.0-m-48-hu.wav,/kaggle/input/baby-kusen/Raw data/hungry/D54D9C2A-56ED-4338-9D1F-2ADB4E081DAD-1430036283-1.0-m-48-hu.wav,7.0,22050
hungry,F24DE44B-762C-4149-AC92-96A5E57ED118-1430816918-1.0-m-04-hu.wav,/kaggle/input/baby-kusen/Raw data/hungry/F24DE44B-762C-4149-AC92-96A5E57ED118-1430816918-1.0-m-04-hu.wav,7.0,22050
hungry,F4A0C710-AC2D-42E0-8EA9-3E4CAC31EE20-1430318400-1.0-m-04-hu.wav,/kaggle/input/baby-kusen/Raw data/hungry/F4A0C710-AC2D-42E0-8EA9-3E4CAC31EE20-1430318400-1.0-m-04-hu.wav,7.0,22050
hungry,4be720ce-a5e5-4a48-930f-a212f8a239f6-1434774947458-1.7-f-48-hu.wav,/kaggle/input/baby-kusen/Raw data/hungry/4be720ce-a5e5-4a48-930f-a212f8a239f6-1434774947458-1.7-f-48-hu.wav,6.78,22050
hungry,8b1faa77-e3ac-48af-bf2a-58aadebefcba-1436798541805-1.7-m-04-hu.wav,/kaggle/input/baby-kusen/Raw data/hungry/8b1faa77-e3ac-48af-bf2a-58aadebefcba-1436798541805-1.7-m-04-hu.wav,6.74,22050
hungry,5C2F730C-9721-40B7-A2D8-C257DB518978-1429966336-1.0-m-04-hu.wav,/kaggle/input/baby-kusen/Raw data/hungry/5C2F730C-9721-40B7-A2D8-C257DB518978-1429966336-1.0-m-04-hu.wav,7.0,22050
hungry,aaa57dbd-7b88-454a-963e-6faa2f4ed4e7-1436910225455.wav,/kaggle/input/baby-kusen/Raw data/hungry/aaa57dbd-7b88-454a-963e-6faa2f4ed4e7-1436910225455.wav,5.9675283446712015,22050
hungry,AA2CA7F6-4547-4CC0-AA4C-5D7B64727FB5-1437123487-1.1-f-26-hu.wav,/kaggle/input/baby-kusen/Raw data/hungry/AA2CA7F6-4547-4CC0-AA4C-5D7B64727FB5-1437123487-1.1-f-26-hu.wav,7.0,22050
hungry,AE02C934-F4E5-4C73-818D-56AA6887EC18-1430279441-1.0-m-26-hu.wav,/kaggle/input/baby-kusen/Raw data/hungry/AE02C934-F4E5-4C73-818D-56AA6887EC18-1430279441-1.0-m-26-hu.wav,7.0,22050
hungry,F3BAEDDA-CDC0-4A65-90EE-5C372CEE4F3B-1437012044-1.1-m-26-hu.wav,/kaggle/input/baby-kusen/Raw data/hungry/F3BAEDDA-CDC0-4A65-90EE-5C372CEE4F3B-1437012044-1.1-m-26-hu.wav,7.0,22050
hungry,D1CB71F9-EF76-49B3-A703-41D557444D21-1436863366-1.1-m-04-hu.wav,/kaggle/input/baby-kusen/Raw data/hungry/D1CB71F9-EF76-49B3-A703-41D557444D21-1436863366-1.1-m-04-hu.wav,7.0,22050
hungry,50DC5FBC-AC95-44F2-B55F-E4E5FB03AC96-1430007691-1.0-m-26-hu.wav,/kaggle/input/baby-kusen/Raw data/hungry/50DC5FBC-AC95-44F2-B55F-E4E5FB03AC96-1430007691-1.0-m-26-hu.wav,7.0,22050
hungry,4be720ce-a5e5-4a48-930f-a212f8a239f6-1434737694572-1.7-f-48-hu.wav,/kaggle/input/baby-kusen/Raw data/hungry/4be720ce-a5e5-4a48-930f-a212f8a239f6-1434737694572-1.7-f-48-hu.wav,6.78,22050
hungry,D18A30C6-4370-4BE0-83F8-031892F96603-1432989796-1.1-f-04-hu.wav,/kaggle/input/baby-kusen/Raw data/hungry/D18A30C6-4370-4BE0-83F8-031892F96603-1432989796-1.1-f-04-hu.wav,7.0,22050
hungry,743E7CCA-D32B-40B6-9541-9808122D3F6B-1436860011-1.1-f-26-hu.wav,/kaggle/input/baby-kusen/Raw data/hungry/743E7CCA-D32B-40B6-9541-9808122D3F6B-1436860011-1.1-f-26-hu.wav,7.0,22050
hungry,37105492-58b1-432e-a1ce-ea154425abab-1430744728397-1.7-f-26-hu.wav,/kaggle/input/baby-kusen/Raw data/hungry/37105492-58b1-432e-a1ce-ea154425abab-1430744728397-1.7-f-26-hu.wav,6.9,22050
hungry,10A40438-09AA-4A21-83B4-8119F03F7A11-1430848070-1.0-f-26-hu.wav,/kaggle/input/baby-kusen/Raw data/hungry/10A40438-09AA-4A21-83B4-8119F03F7A11-1430848070-1.0-f-26-hu.wav,7.0,22050
hungry,50DC5FBC-AC95-44F2-B55F-E4E5FB03AC96-1430108024-1.0-m-26-hu.wav,/kaggle/input/baby-kusen/Raw data/hungry/50DC5FBC-AC95-44F2-B55F-E4E5FB03AC96-1430108024-1.0-m-26-hu.wav,7.0,22050
hungry,5f651112-d2a3-4911-b3a5-f37bfc092494-1430734658837-1.7-m-72-hu.wav,/kaggle/input/baby-kusen/Raw data/hungry/5f651112-d2a3-4911-b3a5-f37bfc092494-1430734658837-1.7-m-72-hu.wav,6.92,22050
hungry,815af07e-4c31-4032-8bd1-dab6e60c879e-1433156413683-1.7-m-04-hu.wav,/kaggle/input/baby-kusen/Raw data/hungry/815af07e-4c31-4032-8bd1-dab6e60c879e-1433156413683-1.7-m-04-hu.wav,6.94,22050
hungry,B2A105BB-347B-4878-A735-AA4ECF32CD16-1436864116-1.1-m-26-hu.wav,/kaggle/input/baby-kusen/Raw data/hungry/B2A105BB-347B-4878-A735-AA4ECF32CD16-1436864116-1.1-m-26-hu.wav,7.0,22050
hungry,30c2cee4-b682-4dcb-86b9-7fa6f36f1b66-1430728411287-1.7-f-72-hu.wav,/kaggle/input/baby-kusen/Raw data/hungry/30c2cee4-b682-4dcb-86b9-7fa6f36f1b66-1430728411287-1.7-f-72-hu.wav,6.94,22050
hungry,9CFD61B9-BF13-406D-8B2F-F73CFAAF25CB-1430927693-1.0-f-04-hu.wav,/kaggle/input/baby-kusen/Raw data/hungry/9CFD61B9-BF13-406D-8B2F-F73CFAAF25CB-1430927693-1.0-f-04-hu.wav,7.0,22050
hungry,539FDD32-6326-422E-A707-FCF063D3426C-1437073534-1.wav,/kaggle/input/baby-kusen/Raw data/hungry/539FDD32-6326-422E-A707-FCF063D3426C-1437073534-1.wav,5.479909297052155,22050
hungry,8c920fd0-fa9f-4926-bcac-074767dcbfcd-1436856363348-1.7-f-04-hu.wav,/kaggle/input/baby-kusen/Raw data/hungry/8c920fd0-fa9f-4926-bcac-074767dcbfcd-1436856363348-1.7-f-04-hu.wav,6.68,22050
hungry,3941D08C-5A97-48A4-8830-091D878137F6-1430099826-1.0-m-72-hu.wav,/kaggle/input/baby-kusen/Raw data/hungry/3941D08C-5A97-48A4-8830-091D878137F6-1430099826-1.0-m-72-hu.wav,7.0,22050
hungry,459c3f85-5710-4efa-bcc9-8012aa1af55e-1430034895673-1.7-f-48-hu.wav,/kaggle/input/baby-kusen/Raw data/hungry/459c3f85-5710-4efa-bcc9-8012aa1af55e-1430034895673-1.7-f-48-hu.wav,6.9,22050
hungry,2a0e6a88-b049-4f46-a3d6-d73ffae470d5-1430770161530-1.7-m-04-hu.wav,/kaggle/input/baby-kusen/Raw data/hungry/2a0e6a88-b049-4f46-a3d6-d73ffae470d5-1430770161530-1.7-m-04-hu.wav,6.94,22050
hungry,9aa8bac5-eeb9-4f19-a4bf-7c439e87364b-1430745385374-1.7-m-04-hu.wav,/kaggle/input/baby-kusen/Raw data/hungry/9aa8bac5-eeb9-4f19-a4bf-7c439e87364b-1430745385374-1.7-m-04-hu.wav,6.54,22050
hungry,0D1AD73E-4C5E-45F3-85C4-9A3CB71E8856-1430742197-1.0-m-04-hu.wav,/kaggle/input/baby-kusen/Raw data/hungry/0D1AD73E-4C5E-45F3-85C4-9A3CB71E8856-1430742197-1.0-m-04-hu.wav,7.0,22050
hungry,4be720ce-a5e5-4a48-930f-a212f8a239f6-1434774932733-1.7-f-48-hu.wav,/kaggle/input/baby-kusen/Raw data/hungry/4be720ce-a5e5-4a48-930f-a212f8a239f6-1434774932733-1.7-f-48-hu.wav,6.78,22050
hungry,10A40438-09AA-4A21-83B4-8119F03F7A11-1430848060-1.0-f-26-hu.wav,/kaggle/input/baby-kusen/Raw data/hungry/10A40438-09AA-4A21-83B4-8119F03F7A11-1430848060-1.0-f-26-hu.wav,7.0,22050
hungry,3c51dedc-6e4c-47dd-a179-86a25e95f1ef-1430651049104-1.7-m-72-hu.wav,/kaggle/input/baby-kusen/Raw data/hungry/3c51dedc-6e4c-47dd-a179-86a25e95f1ef-1430651049104-1.7-m-72-hu.wav,7.06,22050
hungry,40a4c760-facf-4911-b0a6-22eccc3ab18d-1430477756469-1.7-f-26-hu.wav,/kaggle/input/baby-kusen/Raw data/hungry/40a4c760-facf-4911-b0a6-22eccc3ab18d-1430477756469-1.7-f-26-hu.wav,7.06,22050
hungry,090C15A8-5406-4EA5-97A3-81F6527227C0-1430147582-1.0-m-72-hu.wav,/kaggle/input/baby-kusen/Raw data/hungry/090C15A8-5406-4EA5-97A3-81F6527227C0-1430147582-1.0-m-72-hu.wav,7.0,22050
hungry,5E01DC60-1DE3-4AF9-A661-7F649EAE457D-1430141106-1.0-m-26-hu.wav,/kaggle/input/baby-kusen/Raw data/hungry/5E01DC60-1DE3-4AF9-A661-7F649EAE457D-1430141106-1.0-m-26-hu.wav,7.0,22050
hungry,5afc6a14-a9d8-45f8-b31d-c79dd87cc8c6-1430757081034-1.7-m-48-hu.wav,/kaggle/input/baby-kusen/Raw data/hungry/5afc6a14-a9d8-45f8-b31d-c79dd87cc8c6-1430757081034-1.7-m-48-hu.wav,6.68,22050
hungry,aaa57dbd-7b88-454a-963e-6faa2f4ed4e7-1436982075169.wav,/kaggle/input/baby-kusen/Raw data/hungry/aaa57dbd-7b88-454a-963e-6faa2f4ed4e7-1436982075169.wav,6.2693877551020405,22050
hungry,40a4c760-facf-4911-b0a6-22eccc3ab18d-1430466393384-1.7-f-26-hu.wav,/kaggle/input/baby-kusen/Raw data/hungry/40a4c760-facf-4911-b0a6-22eccc3ab18d-1430466393384-1.7-f-26-hu.wav,7.06,22050
hungry,b4c460d8-bd6b-4017-9bb8-2ae4ff0c5af1-1432751065608-1.7-f-26-hu.wav,/kaggle/input/baby-kusen/Raw data/hungry/b4c460d8-bd6b-4017-9bb8-2ae4ff0c5af1-1432751065608-1.7-f-26-hu.wav,6.92,22050
hungry,9fe37482-6a64-401d-b8b9-3e47d6ed9ac0-1430047362195-1.7-f-26-hu.wav,/kaggle/input/baby-kusen/Raw data/hungry/9fe37482-6a64-401d-b8b9-3e47d6ed9ac0-1430047362195-1.7-f-26-hu.wav,6.92,22050
hungry,d1e236a0-e030-4137-9030-5625026cd098-1430477960643-1.2-m-04-hu.wav,/kaggle/input/baby-kusen/Raw data/hungry/d1e236a0-e030-4137-9030-5625026cd098-1430477960643-1.2-m-04-hu.wav,6.92,22050
hungry,045C5483-69E1-4BEC-B1D8-9286D174B9B2-1430102996-1.0-m-04-hu.wav,/kaggle/input/baby-kusen/Raw data/hungry/045C5483-69E1-4BEC-B1D8-9286D174B9B2-1430102996-1.0-m-04-hu.wav,7.0,22050
hungry,aaa57dbd-7b88-454a-963e-6faa2f4ed4e7-1437166513710-1.7-f-04-hu.wav,/kaggle/input/baby-kusen/Raw data/hungry/aaa57dbd-7b88-454a-963e-6faa2f4ed4e7-1437166513710-1.7-f-04-hu.wav,7.02,22050
hungry,6639C63C-F634-489C-91B3-E3DB5930EFD5-1431370278-1.1-m-04-hu.wav,/kaggle/input/baby-kusen/Raw data/hungry/6639C63C-F634-489C-91B3-E3DB5930EFD5-1431370278-1.1-m-04-hu.wav,7.0,22050
hungry,10A40438-09AA-4A21-83B4-8119F03F7A11-1430848101-1.0-f-26-hu.wav,/kaggle/input/baby-kusen/Raw data/hungry/10A40438-09AA-4A21-83B4-8119F03F7A11-1430848101-1.0-f-26-hu.wav,7.0,22050
hungry,85FAB169-4DCC-406D-AC93-2F6A8D797DAB-1437632141-1.wav,/kaggle/input/baby-kusen/Raw data/hungry/85FAB169-4DCC-406D-AC93-2F6A8D797DAB-1437632141-1.wav,5.7817687074829935,22050
hungry,46002244-7304-45DC-BF69-B6EC2BB25009-1436902364-1.1-f-48-hu.wav,/kaggle/input/baby-kusen/Raw data/hungry/46002244-7304-45DC-BF69-B6EC2BB25009-1436902364-1.1-f-48-hu.wav,7.0,22050
hungry,4CD5903D-E2CE-401E-B898-D873C763F44B-1430727653-1.0-m-26-hu.wav,/kaggle/input/baby-kusen/Raw data/hungry/4CD5903D-E2CE-401E-B898-D873C763F44B-1430727653-1.0-m-26-hu.wav,7.0,22050
hungry,3941D08C-5A97-48A4-8830-091D878137F6-1430099813-1.0-m-72-hu.wav,/kaggle/input/baby-kusen/Raw data/hungry/3941D08C-5A97-48A4-8830-091D878137F6-1430099813-1.0-m-72-hu.wav,7.0,22050
hungry,89964233-cbdb-4f34-a819-5f4b5ce3f5f5-1430049868816-1.7-f-04-hu.wav,/kaggle/input/baby-kusen/Raw data/hungry/89964233-cbdb-4f34-a819-5f4b5ce3f5f5-1430049868816-1.7-f-04-hu.wav,6.92,22050
hungry,999bf14b-e417-4b44-b746-9253f81efe38-1431013054417-1.7-m-26-hu.wav,/kaggle/input/baby-kusen/Raw data/hungry/999bf14b-e417-4b44-b746-9253f81efe38-1431013054417-1.7-m-26-hu.wav,6.9,22050
hungry,323cab80-2551-4a46-8c3d-62c7a5264afa-1430382588301-1.7-m-22-hu.wav,/kaggle/input/baby-kusen/Raw data/hungry/323cab80-2551-4a46-8c3d-62c7a5264afa-1430382588301-1.7-m-22-hu.wav,6.9,22050
hungry,8c66887c-8251-49fa-903b-c02d56405f58-1436856065644.wav,/kaggle/input/baby-kusen/Raw data/hungry/8c66887c-8251-49fa-903b-c02d56405f58-1436856065644.wav,5.433469387755102,22050
hungry,8c920fd0-fa9f-4926-bcac-074767dcbfcd-1436856382717-1.7-m-04-hu.wav,/kaggle/input/baby-kusen/Raw data/hungry/8c920fd0-fa9f-4926-bcac-074767dcbfcd-1436856382717-1.7-m-04-hu.wav,6.66,22050
hungry,d1e236a0-e030-4137-9030-5625026cd098-1430477951092-1.2-m-04-hu.wav,/kaggle/input/baby-kusen/Raw data/hungry/d1e236a0-e030-4137-9030-5625026cd098-1430477951092-1.2-m-04-hu.wav,6.9,22050
hungry,818A32F4-D5D8-426C-B88C-81A8154AC81A-1430093571-1.0-m-26-hu.wav,/kaggle/input/baby-kusen/Raw data/hungry/818A32F4-D5D8-426C-B88C-81A8154AC81A-1430093571-1.0-m-26-hu.wav,7.0,22050
hungry,9fe37482-6a64-401d-b8b9-3e47d6ed9ac0-1430047399844-1.7-f-26-hu.wav,/kaggle/input/baby-kusen/Raw data/hungry/9fe37482-6a64-401d-b8b9-3e47d6ed9ac0-1430047399844-1.7-f-26-hu.wav,6.94,22050
hungry,52dfc27a-fbc4-4d9f-bbcf-6406c919324a-1430041657947-1.7-m-26-hu.wav,/kaggle/input/baby-kusen/Raw data/hungry/52dfc27a-fbc4-4d9f-bbcf-6406c919324a-1430041657947-1.7-m-26-hu.wav,6.92,22050
hungry,F3BAEDDA-CDC0-4A65-90EE-5C372CEE4F3B-1437012059-1.1-m-26-hu.wav,/kaggle/input/baby-kusen/Raw data/hungry/F3BAEDDA-CDC0-4A65-90EE-5C372CEE4F3B-1437012059-1.1-m-26-hu.wav,7.0,22050
hungry,7b23d26e-6f97-4e8b-b520-a9fdde21ee91-1432275312750-1.7-m-48-hu.wav,/kaggle/input/baby-kusen/Raw data/hungry/7b23d26e-6f97-4e8b-b520-a9fdde21ee91-1432275312750-1.7-m-48-hu.wav,6.94,22050
hungry,8FDA58A7-FDC6-4421-855F-738E6E853E43-1429895742-1.0-m-26-hu.wav,/kaggle/input/baby-kusen/Raw data/hungry/8FDA58A7-FDC6-4421-855F-738E6E853E43-1429895742-1.0-m-26-hu.wav,7.0,22050
hungry,1abb2260-a652-4ba7-bd98-7d463312730f-1430041727150.wav,/kaggle/input/baby-kusen/Raw data/hungry/1abb2260-a652-4ba7-bd98-7d463312730f-1430041727150.wav,6.106848072562358,22050
hungry,70d30513-0ec3-49e4-9976-e85785e85c2d-1431033372810-1.7-m-04-hu.wav,/kaggle/input/baby-kusen/Raw data/hungry/70d30513-0ec3-49e4-9976-e85785e85c2d-1431033372810-1.7-m-04-hu.wav,6.94,22050
hungry,7A864194-4B6B-4850-ABBF-0C2A8170107B-1436846870-1.1-f-26-hu.wav,/kaggle/input/baby-kusen/Raw data/hungry/7A864194-4B6B-4850-ABBF-0C2A8170107B-1436846870-1.1-f-26-hu.wav,7.0,22050
hungry,8c66887c-8251-49fa-903b-c02d56405f58-1436856137837-1.7-m-26-hu.wav,/kaggle/input/baby-kusen/Raw data/hungry/8c66887c-8251-49fa-903b-c02d56405f58-1436856137837-1.7-m-26-hu.wav,6.94,22050
hungry,35D58153-7AB7-443D-BED0-2D7ABF73743F-1431855847-1.1-m-04-hu.wav,/kaggle/input/baby-kusen/Raw data/hungry/35D58153-7AB7-443D-BED0-2D7ABF73743F-1431855847-1.1-m-04-hu.wav,7.0,22050
hungry,ae5a462b-5424-4b5b-82d5-07ccb61654ab-1431155960186-1.7-f-48-hu.wav,/kaggle/input/baby-kusen/Raw data/hungry/ae5a462b-5424-4b5b-82d5-07ccb61654ab-1431155960186-1.7-f-48-hu.wav,6.9,22050
hungry,539FDD32-6326-422E-A707-FCF063D3462C-1437073534-1.wav,/kaggle/input/baby-kusen/Raw data/hungry/539FDD32-6326-422E-A707-FCF063D3462C-1437073534-1.wav,6.013968253968254,22050
hungry,7e3de9b8-2be5-473f-b8c3-c2657f1317bb-1430006339251-1.7-f-04-hu.wav,/kaggle/input/baby-kusen/Raw data/hungry/7e3de9b8-2be5-473f-b8c3-c2657f1317bb-1430006339251-1.7-f-04-hu.wav,6.68,22050
hungry,a56e2494-d2b2-480e-af0b-de9ea8f33572-1436897427825.wav,/kaggle/input/baby-kusen/Raw data/hungry/a56e2494-d2b2-480e-af0b-de9ea8f33572-1436897427825.wav,6.2693877551020405,22050
hungry,F4A0C710-AC2D-42E0-8EA9-3E4CAC31EE20-1430318390-1.0-m-04-hu.wav,/kaggle/input/baby-kusen/Raw data/hungry/F4A0C710-AC2D-42E0-8EA9-3E4CAC31EE20-1430318390-1.0-m-04-hu.wav,7.0,22050
hungry,be21ef2a-a415-4e8b-bfe6-731bf9956e2c-1431320909516-1.7-f-26-hu.wav,/kaggle/input/baby-kusen/Raw data/hungry/be21ef2a-a415-4e8b-bfe6-731bf9956e2c-1431320909516-1.7-f-26-hu.wav,6.96,22050
hungry,F95D4BCE-2FB0-4A0C-A058-BFB0674539AF-1430055950-1.0-m-26-hu.wav,/kaggle/input/baby-kusen/Raw data/hungry/F95D4BCE-2FB0-4A0C-A058-BFB0674539AF-1430055950-1.0-m-26-hu.wav,7.0,22050
hungry,459c3f85-5710-4efa-bcc9-8012aa1af55e-1430034880215-1.7-f-48-hu.wav,/kaggle/input/baby-kusen/Raw data/hungry/459c3f85-5710-4efa-bcc9-8012aa1af55e-1430034880215-1.7-f-48-hu.wav,6.94,22050
hungry,50DC5FBC-AC95-44F2-B55F-E4E5FB03AC96-1430007668-1.0-m-26-hu.wav,/kaggle/input/baby-kusen/Raw data/hungry/50DC5FBC-AC95-44F2-B55F-E4E5FB03AC96-1430007668-1.0-m-26-hu.wav,7.0,22050
hungry,F3BAEDDA-CDC0-4A65-90EE-5C372CEE4F3B-1437012076-1.1-f-26-hu.wav,/kaggle/input/baby-kusen/Raw data/hungry/F3BAEDDA-CDC0-4A65-90EE-5C372CEE4F3B-1437012076-1.1-f-26-hu.wav,7.0,22050
hungry,9fe37482-6a64-401d-b8b9-3e47d6ed9ac0-1430047373513-1.7-f-26-hu.wav,/kaggle/input/baby-kusen/Raw data/hungry/9fe37482-6a64-401d-b8b9-3e47d6ed9ac0-1430047373513-1.7-f-26-hu.wav,6.92,22050
hungry,5728DDD6-149B-412F-A14B-C29B9B5E415F-1432635035-1.0-m-26-hu.wav,/kaggle/input/baby-kusen/Raw data/hungry/5728DDD6-149B-412F-A14B-C29B9B5E415F-1432635035-1.0-m-26-hu.wav,7.0,22050
hungry,5728DDD6-149B-412F-A14B-C29B9B5E415F-1432635047-1.0-m-26-hu.wav,/kaggle/input/baby-kusen/Raw data/hungry/5728DDD6-149B-412F-A14B-C29B9B5E415F-1432635047-1.0-m-26-hu.wav,7.0,22050
hungry,B0D9116D-8FA4-41AF-B626-BE508FD5CA04-1430832542-1.0-m-04-hu.wav,/kaggle/input/baby-kusen/Raw data/hungry/B0D9116D-8FA4-41AF-B626-BE508FD5CA04-1430832542-1.0-m-04-hu.wav,7.0,22050
hungry,9CFD61B9-BF13-406D-8B2F-F73CFAAF25CB-1430927716-1.0-f-04-hu.wav,/kaggle/input/baby-kusen/Raw data/hungry/9CFD61B9-BF13-406D-8B2F-F73CFAAF25CB-1430927716-1.0-f-04-hu.wav,7.0,22050
hungry,090C15A8-5406-4EA5-97A3-81F6527227C0-1430147533-1.0-m-72-hu.wav,/kaggle/input/baby-kusen/Raw data/hungry/090C15A8-5406-4EA5-97A3-81F6527227C0-1430147533-1.0-m-72-hu.wav,7.0,22050
hungry,3bb2445a-9ae9-4dc8-9a2e-86c696ffa405-1430142784308-1.7-m-26-hu.wav,/kaggle/input/baby-kusen/Raw data/hungry/3bb2445a-9ae9-4dc8-9a2e-86c696ffa405-1430142784308-1.7-m-26-hu.wav,6.84,22050
hungry,F1AF5794-AD3B-4181-B010-AB835E5BDA64-1430441342-1.wav,/kaggle/input/baby-kusen/Raw data/hungry/F1AF5794-AD3B-4181-B010-AB835E5BDA64-1430441342-1.wav,6.106848072562358,22050
hungry,F4A0C710-AC2D-42E0-8EA9-3E4CAC31EE20-1430318416-1.0-m-04-hu.wav,/kaggle/input/baby-kusen/Raw data/hungry/F4A0C710-AC2D-42E0-8EA9-3E4CAC31EE20-1430318416-1.0-m-04-hu.wav,7.0,22050
hungry,e4051e62-d21d-4bb8-a235-fd7e859ad787-1430739655763-1.7-m-04-hu.wav,/kaggle/input/baby-kusen/Raw data/hungry/e4051e62-d21d-4bb8-a235-fd7e859ad787-1430739655763-1.7-m-04-hu.wav,6.92,22050
hungry,10A40438-09AA-4A21-83B4-8119F03F7A11-1430848034-1.0-f-26-hu.wav,/kaggle/input/baby-kusen/Raw data/hungry/10A40438-09AA-4A21-83B4-8119F03F7A11-1430848034-1.0-f-26-hu.wav,7.0,22050
hungry,8FDA58A7-FDC6-4421-855F-738E6E853E43-1429895751-1.0-m-26-hu.wav,/kaggle/input/baby-kusen/Raw data/hungry/8FDA58A7-FDC6-4421-855F-738E6E853E43-1429895751-1.0-m-26-hu.wav,7.0,22050
hungry,10A40438-09AA-4A21-83B4-8119F03F7A11-1430925172-1.0-f-26-hu.wav,/kaggle/input/baby-kusen/Raw data/hungry/10A40438-09AA-4A21-83B4-8119F03F7A11-1430925172-1.0-f-26-hu.wav,7.0,22050
hungry,035c6b30-a145-42b9-8d0f-445cd9003d2c-1435948197257-1.7-m-04-hu.wav,/kaggle/input/baby-kusen/Raw data/hungry/035c6b30-a145-42b9-8d0f-445cd9003d2c-1435948197257-1.7-m-04-hu.wav,6.96,22050
hungry,e1e640e2-78cb-4cb7-9ccc-93813bfc251c-1430738640598-1.7-m-72-hu.wav,/kaggle/input/baby-kusen/Raw data/hungry/e1e640e2-78cb-4cb7-9ccc-93813bfc251c-1430738640598-1.7-m-72-hu.wav,6.92,22050
hungry,F6C6D3EE-F139-48A4-9EAC-0A50EB011CDC-1430103974-1.wav,/kaggle/input/baby-kusen/Raw data/hungry/F6C6D3EE-F139-48A4-9EAC-0A50EB011CDC-1430103974-1.wav,6.03718820861678,22050
hungry,C249BCDD-0F65-4D6A-82BE-43C4006E3DDB-1436891742-1.1-m-72-hu.wav,/kaggle/input/baby-kusen/Raw data/hungry/C249BCDD-0F65-4D6A-82BE-43C4006E3DDB-1436891742-1.1-m-72-hu.wav,7.0,22050
hungry,50DC5FBC-AC95-44F2-B55F-E4E5FB03AC96-1430007656-1.0-m-26-hu.wav,/kaggle/input/baby-kusen/Raw data/hungry/50DC5FBC-AC95-44F2-B55F-E4E5FB03AC96-1430007656-1.0-m-26-hu.wav,7.0,22050
hungry,81724071-bc5e-4e38-8f35-85a691af5721-1430737552979-1.7-m-04-hu.wav,/kaggle/input/baby-kusen/Raw data/hungry/81724071-bc5e-4e38-8f35-85a691af5721-1430737552979-1.7-m-04-hu.wav,6.94,22050
hungry,EC2E1160-BC33-450A-A62D-DE2A4C0D42BB-1430039051-1.0-f-48-hu.wav,/kaggle/input/baby-kusen/Raw data/hungry/EC2E1160-BC33-450A-A62D-DE2A4C0D42BB-1430039051-1.0-f-48-hu.wav,7.0,22050
hungry,1b381a1e-88a6-4a48-b889-a5ccdf0aacaf-1430299568333.wav,/kaggle/input/baby-kusen/Raw data/hungry/1b381a1e-88a6-4a48-b889-a5ccdf0aacaf-1430299568333.wav,6.2693877551020405,22050
hungry,B456CE9D-CBD4-43E5-899B-8B8B0483F17D-1431015486-1.0-m-72-hu.wav,/kaggle/input/baby-kusen/Raw data/hungry/B456CE9D-CBD4-43E5-899B-8B8B0483F17D-1431015486-1.0-m-72-hu.wav,7.0,22050
hungry,F24DE44B-762C-4149-AC92-96A5E57ED118-1430816936-1.0-m-04-hu.wav,/kaggle/input/baby-kusen/Raw data/hungry/F24DE44B-762C-4149-AC92-96A5E57ED118-1430816936-1.0-m-04-hu.wav,7.0,22050
hungry,5f0a1ed4-ee2c-493c-bc00-6b56aad78a72-1430933240505-1.7-m-72-hu.wav,/kaggle/input/baby-kusen/Raw data/hungry/5f0a1ed4-ee2c-493c-bc00-6b56aad78a72-1430933240505-1.7-m-72-hu.wav,6.62,22050
hungry,7A864194-4B6B-4850-ABBF-0C2A8170107B-1436846797-1.1-f-26-hu.wav,/kaggle/input/baby-kusen/Raw data/hungry/7A864194-4B6B-4850-ABBF-0C2A8170107B-1436846797-1.1-f-26-hu.wav,7.0,22050
hungry,990DE219-FCD1-4634-91CE-19AB93E5D2B0-1430214575-1.0-m-04-hu.wav,/kaggle/input/baby-kusen/Raw data/hungry/990DE219-FCD1-4634-91CE-19AB93E5D2B0-1430214575-1.0-m-04-hu.wav,7.0,22050
hungry,7b23d26e-6f97-4e8b-b520-a9fdde21ee91-1432261716253-1.7-m-48-hu.wav,/kaggle/input/baby-kusen/Raw data/hungry/7b23d26e-6f97-4e8b-b520-a9fdde21ee91-1432261716253-1.7-m-48-hu.wav,6.96,22050
hungry,F6C6D3EE-F139-48A4-9EAC-0A50EB011CDC-1430103957-1.0-m-04-hu.wav,/kaggle/input/baby-kusen/Raw data/hungry/F6C6D3EE-F139-48A4-9EAC-0A50EB011CDC-1430103957-1.0-m-04-hu.wav,7.0,22050
hungry,edb5924c-07ba-4eaa-838b-aaf9511a219b-1431899400326-1.7-m-48-hu.wav,/kaggle/input/baby-kusen/Raw data/hungry/edb5924c-07ba-4eaa-838b-aaf9511a219b-1431899400326-1.7-m-48-hu.wav,6.96,22050
hungry,3c51dedc-6e4c-47dd-a179-86a25e95f1ef-1430651019625-1.7-m-04-hu.wav,/kaggle/input/baby-kusen/Raw data/hungry/3c51dedc-6e4c-47dd-a179-86a25e95f1ef-1430651019625-1.7-m-04-hu.wav,7.06,22050
hungry,hu-1.wav,/kaggle/input/baby-kusen/Raw data/hungry/hu-1.wav,5.712108843537415,22050
hungry,999bf14b-e417-4b44-b746-9253f81efe38-1430844940177.wav,/kaggle/input/baby-kusen/Raw data/hungry/999bf14b-e417-4b44-b746-9253f81efe38-1430844940177.wav,5.50312925170068,22050
hungry,D54D9C2A-56ED-4338-9D1F-2ADB4E081DAD-1429807598-1.wav,/kaggle/input/baby-kusen/Raw data/hungry/D54D9C2A-56ED-4338-9D1F-2ADB4E081DAD-1429807598-1.wav,6.942766439909297,22050
hungry,743E7CCA-D32B-40B6-9541-9808122D3F6B-1436860053-1.1-f-26-hu.wav,/kaggle/input/baby-kusen/Raw data/hungry/743E7CCA-D32B-40B6-9541-9808122D3F6B-1436860053-1.1-f-26-hu.wav,7.0,22050
hungry,815af07e-4c31-4032-8bd1-dab6e60c879e-1433156423585-1.7-m-04-hu.wav,/kaggle/input/baby-kusen/Raw data/hungry/815af07e-4c31-4032-8bd1-dab6e60c879e-1433156423585-1.7-m-04-hu.wav,6.96,22050
hungry,8f4dbf5a-b504-4452-b6ac-94e646a6a052-1430735057816.wav,/kaggle/input/baby-kusen/Raw data/hungry/8f4dbf5a-b504-4452-b6ac-94e646a6a052-1430735057816.wav,6.246167800453515,22050
hungry,70d30513-0ec3-49e4-9976-e85785e85c2d-1431033390358-1.7-m-04-hu.wav,/kaggle/input/baby-kusen/Raw data/hungry/70d30513-0ec3-49e4-9976-e85785e85c2d-1431033390358-1.7-m-04-hu.wav,6.94,22050
hungry,0a983cd2-0078-4698-a048-99ac01eb167a-1433917038889.wav,/kaggle/input/baby-kusen/Raw data/hungry/0a983cd2-0078-4698-a048-99ac01eb167a-1433917038889.wav,6.339047619047619,22050
hungry,999bf14b-e417-4b44-b746-9253f81efe38-1431013068243-1.7-m-26-hu.wav,/kaggle/input/baby-kusen/Raw data/hungry/999bf14b-e417-4b44-b746-9253f81efe38-1431013068243-1.7-m-26-hu.wav,6.9,22050
hungry,177dc72e-d0f8-47ef-a5a7-3b46878e11a0-1430736358754-1.7-f-26-hu.wav,/kaggle/input/baby-kusen/Raw data/hungry/177dc72e-d0f8-47ef-a5a7-3b46878e11a0-1430736358754-1.7-f-26-hu.wav,6.92,22050
hungry,9CFD61B9-BF13-406D-8B2F-F73CFAAF25CB-1430927704-1.0-f-04-hu.wav,/kaggle/input/baby-kusen/Raw data/hungry/9CFD61B9-BF13-406D-8B2F-F73CFAAF25CB-1430927704-1.0-f-04-hu.wav,7.0,22050
hungry,70d30513-0ec3-49e4-9976-e85785e85c2d-1431033405793-1.7-m-04-hu.wav,/kaggle/input/baby-kusen/Raw data/hungry/70d30513-0ec3-49e4-9976-e85785e85c2d-1431033405793-1.7-m-04-hu.wav,6.96,22050
hungry,e37c323c-0edb-4942-be47-3cc0b2de00a1-1434392936735-1.7-f-26-hu.wav,/kaggle/input/baby-kusen/Raw data/hungry/e37c323c-0edb-4942-be47-3cc0b2de00a1-1434392936735-1.7-f-26-hu.wav,6.92,22050
hungry,D1CB71F9-EF76-49B3-A703-41D557444D21-1436863375-1.1-m-04-hu.wav,/kaggle/input/baby-kusen/Raw data/hungry/D1CB71F9-EF76-49B3-A703-41D557444D21-1436863375-1.1-m-04-hu.wav,7.0,22050
hungry,E2C4BCE0-99FD-49EC-8AB1-5EA5DF7DD8C5-1430042952-1.0-m-04-hu.wav,/kaggle/input/baby-kusen/Raw data/hungry/E2C4BCE0-99FD-49EC-8AB1-5EA5DF7DD8C5-1430042952-1.0-m-04-hu.wav,7.0,22050
hungry,3bb2445a-9ae9-4dc8-9a2e-86c696ffa405-1430142760958-1.7-m-26-hu.wav,/kaggle/input/baby-kusen/Raw data/hungry/3bb2445a-9ae9-4dc8-9a2e-86c696ffa405-1430142760958-1.7-m-26-hu.wav,6.92,22050
hungry,8FDA58A7-FDC6-4421-855F-738E6E853E43-1429895780-1.0-m-26-hu.wav,/kaggle/input/baby-kusen/Raw data/hungry/8FDA58A7-FDC6-4421-855F-738E6E853E43-1429895780-1.0-m-26-hu.wav,7.0,22050
hungry,aaa57dbd-7b88-454a-963e-6faa2f4ed4e7-1436988612387-1.7-f-04-hu.wav,/kaggle/input/baby-kusen/Raw data/hungry/aaa57dbd-7b88-454a-963e-6faa2f4ed4e7-1436988612387-1.7-f-04-hu.wav,6.92,22050
hungry,9fe37482-6a64-401d-b8b9-3e47d6ed9ac0-1430047590938-1.7-f-26-hu.wav,/kaggle/input/baby-kusen/Raw data/hungry/9fe37482-6a64-401d-b8b9-3e47d6ed9ac0-1430047590938-1.7-f-26-hu.wav,6.94,22050
hungry,7B924575-21FC-462A-969E-BABB46D1CBF5-1430055167-1.0-f-72-hu.wav,/kaggle/input/baby-kusen/Raw data/hungry/7B924575-21FC-462A-969E-BABB46D1CBF5-1430055167-1.0-f-72-hu.wav,7.0,22050
hungry,D54D9C2A-56ED-4338-9D1F-2ADB4E081DAD-1430036301-1.wav,/kaggle/input/baby-kusen/Raw data/hungry/D54D9C2A-56ED-4338-9D1F-2ADB4E081DAD-1430036301-1.wav,5.642448979591837,22050
hungry,7A22229D-06C2-4AAA-9674-DE5DF1906B3A-1436891933-1.wav,/kaggle/input/baby-kusen/Raw data/hungry/7A22229D-06C2-4AAA-9674-DE5DF1906B3A-1436891933-1.wav,4.667210884353741,22050
psychological_needs,sc-13.wav,/kaggle/input/baby-kusen/Raw data/psychological_needs/sc-13.wav,6.0081632653061225,22050
psychological_needs,generated3_d6cda191-4962-4308-9a36-46d5648a95ed-1431700367302-1.7-m-04-sc.wav,/kaggle/input/baby-kusen/Raw data/psychological_needs/generated3_d6cda191-4962-4308-9a36-46d5648a95ed-1431700367302-1.7-m-04-sc.wav,8.52172335600907,22050
psychological_needs,sc-11.wav,/kaggle/input/baby-kusen/Raw data/psychological_needs/sc-11.wav,6.82,22050
psychological_needs,d6cda191-4962-4308-9a36-46d5648a95ed-1431700367302-1.7-m-04-sc.wav,/kaggle/input/baby-kusen/Raw data/psychological_needs/d6cda191-4962-4308-9a36-46d5648a95ed-1431700367302-1.7-m-04-sc.wav,6.82,22050
psychological_needs,sc-15.wav,/kaggle/input/baby-kusen/Raw data/psychological_needs/sc-15.wav,4.12734693877551,22050
psychological_needs,sc-16.wav,/kaggle/input/baby-kusen/Raw data/psychological_needs/sc-16.wav,5.381224489795918,22050
psychological_needs,generated1_d6cda191-4962-4308-9a36-46d5648a95ed-1431700367302-1.7-m-04-sc.wav,/kaggle/input/baby-kusen/Raw data/psychological_needs/generated1_d6cda191-4962-4308-9a36-46d5648a95ed-1431700367302-1.7-m-04-sc.wav,6.82,22050
psychological_needs,generated3_d6cda191-4962-4308-9a36-46d5648a95ed-1431700349754-1.7-m-04-sc.wav,/kaggle/input/baby-kusen/Raw data/psychological_needs/generated3_d6cda191-4962-4308-9a36-46d5648a95ed-1431700349754-1.7-m-04-sc.wav,8.52172335600907,22050
psychological_needs,generated1_d6cda191-4962-4308-9a36-46d5648a95ed-1431700349754-1.7-m-04-sc.wav,/kaggle/input/baby-kusen/Raw data/psychological_needs/generated1_d6cda191-4962-4308-9a36-46d5648a95ed-1431700349754-1.7-m-04-sc.wav,6.82,22050
psychological_needs,d6cda191-4962-4308-9a36-46d5648a95ed-1431700349754-1.7-m-04-sc.wav,/kaggle/input/baby-kusen/Raw data/psychological_needs/d6cda191-4962-4308-9a36-46d5648a95ed-1431700349754-1.7-m-04-sc.wav,6.82,22050
psychological_needs,sc-12.wav,/kaggle/input/baby-kusen/Raw data/psychological_needs/sc-12.wav,5.381224489795918,22050
psychological_needs,lo-14.wav,/kaggle/input/baby-kusen/Raw data/psychological_needs/lo-14.wav,6.780226757369615,22050
psychological_needs,8f5c01dc-6826-4076-a831-027ad61afdaf-1435873509176-1.7-f-26-hu.wav,/kaggle/input/baby-kusen/Raw data/psychological_needs/8f5c01dc-6826-4076-a831-027ad61afdaf-1435873509176-1.7-f-26-hu.wav,6.94,22050
psychological_needs,3f61124d-d02c-47dd-a009-44e97e60c4ca-1430761203697-1.7-f-72-lo.wav,/kaggle/input/baby-kusen/Raw data/psychological_needs/3f61124d-d02c-47dd-a009-44e97e60c4ca-1430761203697-1.7-f-72-lo.wav,6.68,22050
psychological_needs,88da3fbd-926b-4ee7-ae8f-85f92f2783b0-1430114359516-1.7-m-04-lo.wav,/kaggle/input/baby-kusen/Raw data/psychological_needs/88da3fbd-926b-4ee7-ae8f-85f92f2783b0-1430114359516-1.7-m-04-lo.wav,6.78,22050
psychological_needs,0f257dac-7d6f-4575-9192-e3b4dcd3d4ef-1430185476161-1.7-f-26-lo.wav,/kaggle/input/baby-kusen/Raw data/psychological_needs/0f257dac-7d6f-4575-9192-e3b4dcd3d4ef-1430185476161-1.7-f-26-lo.wav,6.96,22050
psychological_needs,generated2_d6cda191-4962-4308-9a36-46d5648a95ed-1431700349754-1.7-m-04-sc.wav,/kaggle/input/baby-kusen/Raw data/psychological_needs/generated2_d6cda191-4962-4308-9a36-46d5648a95ed-1431700349754-1.7-m-04-sc.wav,6.82,22050
psychological_needs,0f257dac-7d6f-4575-9192-e3b4dcd3d4ef-1430185393784-1.7-f-26-lo.wav,/kaggle/input/baby-kusen/Raw data/psychological_needs/0f257dac-7d6f-4575-9192-e3b4dcd3d4ef-1430185393784-1.7-f-26-lo.wav,6.96,22050
psychological_needs,lo-13.wav,/kaggle/input/baby-kusen/Raw data/psychological_needs/lo-13.wav,6.106848072562358,22050
psychological_needs,generated2_d6cda191-4962-4308-9a36-46d5648a95ed-1431700367302-1.7-m-04-sc.wav,/kaggle/input/baby-kusen/Raw data/psychological_needs/generated2_d6cda191-4962-4308-9a36-46d5648a95ed-1431700367302-1.7-m-04-sc.wav,6.82,22050
discomfort,195c.wav,/kaggle/input/baby-kusen/Raw data/discomfort/195c.wav,6.92,22050
discomfort,152c.wav,/kaggle/input/baby-kusen/Raw data/discomfort/152c.wav,7.0,22050
discomfort,dc-10.wav,/kaggle/input/baby-kusen/Raw data/discomfort/dc-10.wav,6.66,22050
discomfort,139c.wav,/kaggle/input/baby-kusen/Raw data/discomfort/139c.wav,7.06,22050
discomfort,199c.wav,/kaggle/input/baby-kusen/Raw data/discomfort/199c.wav,7.0,22050
discomfort,239c.wav,/kaggle/input/baby-kusen/Raw data/discomfort/239c.wav,7.0,22050
discomfort,159c.wav,/kaggle/input/baby-kusen/Raw data/discomfort/159c.wav,6.78,22050
discomfort,246c.wav,/kaggle/input/baby-kusen/Raw data/discomfort/246c.wav,7.0,22050
discomfort,189c.wav,/kaggle/input/baby-kusen/Raw data/discomfort/189c.wav,7.0,22050
discomfort,154c.wav,/kaggle/input/baby-kusen/Raw data/discomfort/154c.wav,7.0,22050
discomfort,230c.wav,/kaggle/input/baby-kusen/Raw data/discomfort/230c.wav,6.92,22050
discomfort,219c.wav,/kaggle/input/baby-kusen/Raw data/discomfort/219c.wav,5.317369614512471,22050
discomfort,196c.wav,/kaggle/input/baby-kusen/Raw data/discomfort/196c.wav,5.712108843537415,22050
discomfort,182c.wav,/kaggle/input/baby-kusen/Raw data/discomfort/182c.wav,6.86,22050
discomfort,128c.wav,/kaggle/input/baby-kusen/Raw data/discomfort/128c.wav,7.06,22050
discomfort,153c.wav,/kaggle/input/baby-kusen/Raw data/discomfort/153c.wav,7.0,22050
discomfort,237c.wav,/kaggle/input/baby-kusen/Raw data/discomfort/237c.wav,6.82,22050
discomfort,999bf14b-e417-4b44-b746-9253f81efe38-1430844994519-1.7-m-04-ch.wav,/kaggle/input/baby-kusen/Raw data/discomfort/999bf14b-e417-4b44-b746-9253f81efe38-1430844994519-1.7-m-04-ch.wav,6.9,22050
discomfort,234c.wav,/kaggle/input/baby-kusen/Raw data/discomfort/234c.wav,7.0,22050
discomfort,192c.wav,/kaggle/input/baby-kusen/Raw data/discomfort/192c.wav,6.68,22050
discomfort,179c.wav,/kaggle/input/baby-kusen/Raw data/discomfort/179c.wav,6.88,22050
discomfort,185c.wav,/kaggle/input/baby-kusen/Raw data/discomfort/185c.wav,7.0,22050
discomfort,173c.wav,/kaggle/input/baby-kusen/Raw data/discomfort/173c.wav,7.0,22050
discomfort,D1CB71F9-EF76-49B3-A703-41D557444D21-1436863419-1.1-f-26-dc.wav,/kaggle/input/baby-kusen/Raw data/discomfort/D1CB71F9-EF76-49B3-A703-41D557444D21-1436863419-1.1-f-26-dc.wav,7.0,22050
discomfort,213c.wav,/kaggle/input/baby-kusen/Raw data/discomfort/213c.wav,6.86,22050
discomfort,188c.wav,/kaggle/input/baby-kusen/Raw data/discomfort/188c.wav,7.0,22050
discomfort,124c.wav,/kaggle/input/baby-kusen/Raw data/discomfort/124c.wav,6.92,22050
discomfort,207c.wav,/kaggle/input/baby-kusen/Raw data/discomfort/207c.wav,7.0,22050
discomfort,205c.wav,/kaggle/input/baby-kusen/Raw data/discomfort/205c.wav,7.0,22050
discomfort,129c.wav,/kaggle/input/baby-kusen/Raw data/discomfort/129c.wav,7.06,22050
discomfort,206c.wav,/kaggle/input/baby-kusen/Raw data/discomfort/206c.wav,7.0,22050
discomfort,157c.wav,/kaggle/input/baby-kusen/Raw data/discomfort/157c.wav,6.78,22050
discomfort,d6cda191-4962-4308-9a36-46d5648a95ed-1431086262776-1.7-m-04-ch.wav,/kaggle/input/baby-kusen/Raw data/discomfort/d6cda191-4962-4308-9a36-46d5648a95ed-1431086262776-1.7-m-04-ch.wav,6.84,22050
discomfort,200c.wav,/kaggle/input/baby-kusen/Raw data/discomfort/200c.wav,7.0,22050
discomfort,198c.wav,/kaggle/input/baby-kusen/Raw data/discomfort/198c.wav,6.92,22050
discomfort,172c.wav,/kaggle/input/baby-kusen/Raw data/discomfort/172c.wav,7.0,22050
discomfort,243.wav,/kaggle/input/baby-kusen/Raw data/discomfort/243.wav,4.667210884353741,22050
discomfort,f258a8e2-92cd-4843-9da4-80ed26ec8e10-1436944996156-1.7-f-26-ch.wav,/kaggle/input/baby-kusen/Raw data/discomfort/f258a8e2-92cd-4843-9da4-80ed26ec8e10-1436944996156-1.7-f-26-ch.wav,6.66,22050
discomfort,244c.wav,/kaggle/input/baby-kusen/Raw data/discomfort/244c.wav,7.0,22050
discomfort,10A40438-09AA-4A21-83B4-8119F03F7A11-1430925142-1.0-f-26-dc.wav,/kaggle/input/baby-kusen/Raw data/discomfort/10A40438-09AA-4A21-83B4-8119F03F7A11-1430925142-1.0-f-26-dc.wav,7.0,22050
discomfort,238c.wav,/kaggle/input/baby-kusen/Raw data/discomfort/238c.wav,6.64,22050
discomfort,7b0e160e-0505-459e-8ecb-304d7afae9d2-1437486974312-1.7-m-04-dc.wav,/kaggle/input/baby-kusen/Raw data/discomfort/7b0e160e-0505-459e-8ecb-304d7afae9d2-1437486974312-1.7-m-04-dc.wav,6.9,22050
discomfort,236c.wav,/kaggle/input/baby-kusen/Raw data/discomfort/236c.wav,7.0,22050
discomfort,197c.wav,/kaggle/input/baby-kusen/Raw data/discomfort/197c.wav,6.86,22050
discomfort,141c.wav,/kaggle/input/baby-kusen/Raw data/discomfort/141c.wav,7.06,22050
discomfort,144c.wav,/kaggle/input/baby-kusen/Raw data/discomfort/144c.wav,7.06,22050
discomfort,209c.wav,/kaggle/input/baby-kusen/Raw data/discomfort/209c.wav,6.66,22050
discomfort,186c.wav,/kaggle/input/baby-kusen/Raw data/discomfort/186c.wav,7.0,22050
discomfort,145c.wav,/kaggle/input/baby-kusen/Raw data/discomfort/145c.wav,7.06,22050
discomfort,170c.wav,/kaggle/input/baby-kusen/Raw data/discomfort/170c.wav,7.0,22050
discomfort,dc-16.wav,/kaggle/input/baby-kusen/Raw data/discomfort/dc-16.wav,6.9,22050
discomfort,837fd072-8704-4196-9ff1-1d2c07886e55-1432429478471-1.7-m-22-dc.wav,/kaggle/input/baby-kusen/Raw data/discomfort/837fd072-8704-4196-9ff1-1d2c07886e55-1432429478471-1.7-m-22-dc.wav,6.96,22050
discomfort,2294E2B2-8E36-4DA6-A898-B947CB9446AB-1436462707-1.1-m-26-dc.wav,/kaggle/input/baby-kusen/Raw data/discomfort/2294E2B2-8E36-4DA6-A898-B947CB9446AB-1436462707-1.1-m-26-dc.wav,7.0,22050
discomfort,240c.wav,/kaggle/input/baby-kusen/Raw data/discomfort/240c.wav,7.0,22050
discomfort,214c.wav,/kaggle/input/baby-kusen/Raw data/discomfort/214c.wav,5.5495691609977325,22050
discomfort,125c.wav,/kaggle/input/baby-kusen/Raw data/discomfort/125c.wav,6.84,22050
discomfort,203c.wav,/kaggle/input/baby-kusen/Raw data/discomfort/203c.wav,4.922630385487528,22050
discomfort,f5b29377-7cd6-4688-942c-5a07add39dc5-1437480263225-1.7-f-26-dc.wav,/kaggle/input/baby-kusen/Raw data/discomfort/f5b29377-7cd6-4688-942c-5a07add39dc5-1437480263225-1.7-f-26-dc.wav,7.06,22050
discomfort,216c.wav,/kaggle/input/baby-kusen/Raw data/discomfort/216c.wav,7.0,22050
discomfort,150c.wav,/kaggle/input/baby-kusen/Raw data/discomfort/150c.wav,6.94,22050
discomfort,ae5a462b-5424-4b5b-82d5-07ccb61654ab-1431064345173-1.7-f-48-dc.wav,/kaggle/input/baby-kusen/Raw data/discomfort/ae5a462b-5424-4b5b-82d5-07ccb61654ab-1431064345173-1.7-f-48-dc.wav,6.9,22050
discomfort,177c.wav,/kaggle/input/baby-kusen/Raw data/discomfort/177c.wav,7.0,22050
discomfort,158c.wav,/kaggle/input/baby-kusen/Raw data/discomfort/158c.wav,6.78,22050
discomfort,171c.wav,/kaggle/input/baby-kusen/Raw data/discomfort/171c.wav,7.0,22050
discomfort,221c.wav,/kaggle/input/baby-kusen/Raw data/discomfort/221c.wav,7.0,22050
discomfort,222c.wav,/kaggle/input/baby-kusen/Raw data/discomfort/222c.wav,4.922630385487528,22050
discomfort,127c.wav,/kaggle/input/baby-kusen/Raw data/discomfort/127c.wav,7.06,22050
discomfort,dc-23.wav,/kaggle/input/baby-kusen/Raw data/discomfort/dc-23.wav,6.9,22050
discomfort,194c.wav,/kaggle/input/baby-kusen/Raw data/discomfort/194c.wav,6.62,22050
discomfort,175c.wav,/kaggle/input/baby-kusen/Raw data/discomfort/175c.wav,6.92,22050
discomfort,178c.wav,/kaggle/input/baby-kusen/Raw data/discomfort/178c.wav,6.86,22050
discomfort,191c.wav,/kaggle/input/baby-kusen/Raw data/discomfort/191c.wav,6.66,22050
discomfort,211c.wav,/kaggle/input/baby-kusen/Raw data/discomfort/211c.wav,5.108390022675737,22050
discomfort,212c.wav,/kaggle/input/baby-kusen/Raw data/discomfort/212c.wav,6.68,22050
discomfort,208c.wav,/kaggle/input/baby-kusen/Raw data/discomfort/208c.wav,7.0,22050
discomfort,184c.wav,/kaggle/input/baby-kusen/Raw data/discomfort/184c.wav,7.0,22050
discomfort,1309B82C-F146-46F0-A723-45345AFA6EA8-1430703937-1.0-f-48-dc.wav,/kaggle/input/baby-kusen/Raw data/discomfort/1309B82C-F146-46F0-A723-45345AFA6EA8-1430703937-1.0-f-48-dc.wav,7.0,22050
discomfort,dc-30.wav,/kaggle/input/baby-kusen/Raw data/discomfort/dc-30.wav,6.84,22050
discomfort,1309B82C-F146-46F0-A723-45345AFA6EA8-1430704008-1.0-f-48-dc.wav,/kaggle/input/baby-kusen/Raw data/discomfort/1309B82C-F146-46F0-A723-45345AFA6EA8-1430704008-1.0-f-48-dc.wav,5.479909297052155,22050
discomfort,151c.wav,/kaggle/input/baby-kusen/Raw data/discomfort/151c.wav,6.9,22050
discomfort,227c.wav,/kaggle/input/baby-kusen/Raw data/discomfort/227c.wav,6.96,22050
discomfort,215c.wav,/kaggle/input/baby-kusen/Raw data/discomfort/215c.wav,6.222947845804988,22050
discomfort,232c.wav,/kaggle/input/baby-kusen/Raw data/discomfort/232c.wav,7.0,22050
discomfort,224c.wav,/kaggle/input/baby-kusen/Raw data/discomfort/224c.wav,5.270929705215419,22050
discomfort,183c.wav,/kaggle/input/baby-kusen/Raw data/discomfort/183c.wav,6.86,22050
discomfort,210c.wav,/kaggle/input/baby-kusen/Raw data/discomfort/210c.wav,6.62,22050
discomfort,1309B82C-F146-46F0-A723-45345AFA6EA8-1432801703-1.1-f-26-dc.wav,/kaggle/input/baby-kusen/Raw data/discomfort/1309B82C-F146-46F0-A723-45345AFA6EA8-1432801703-1.1-f-26-dc.wav,7.0,22050
discomfort,176c.wav,/kaggle/input/baby-kusen/Raw data/discomfort/176c.wav,7.0,22050
discomfort,190c.wav,/kaggle/input/baby-kusen/Raw data/discomfort/190c.wav,7.0,22050
discomfort,999bf14b-e417-4b44-b746-9253f81efe38-1430845035663-1.7-m-26-ch.wav,/kaggle/input/baby-kusen/Raw data/discomfort/999bf14b-e417-4b44-b746-9253f81efe38-1430845035663-1.7-m-26-ch.wav,6.9,22050
discomfort,1309B82C-F146-46F0-A723-45345AFA6EA8-1432801693-1.1-f-26-dc.wav,/kaggle/input/baby-kusen/Raw data/discomfort/1309B82C-F146-46F0-A723-45345AFA6EA8-1432801693-1.1-f-26-dc.wav,7.0,22050
discomfort,226c.wav,/kaggle/input/baby-kusen/Raw data/discomfort/226c.wav,6.94,22050
discomfort,181c.wav,/kaggle/input/baby-kusen/Raw data/discomfort/181c.wav,6.86,22050
discomfort,d6cda191-4962-4308-9a36-46d5648a95ed-1431161889263-1.7-m-04-dc.wav,/kaggle/input/baby-kusen/Raw data/discomfort/d6cda191-4962-4308-9a36-46d5648a95ed-1431161889263-1.7-m-04-dc.wav,6.84,22050
discomfort,999bf14b-e417-4b44-b746-9253f81efe38-1430844958178-1.7-m-04-ch.wav,/kaggle/input/baby-kusen/Raw data/discomfort/999bf14b-e417-4b44-b746-9253f81efe38-1430844958178-1.7-m-04-ch.wav,6.9,22050
discomfort,180c.wav,/kaggle/input/baby-kusen/Raw data/discomfort/180c.wav,6.86,22050
discomfort,247c.wav,/kaggle/input/baby-kusen/Raw data/discomfort/247c.wav,7.0,22050
belly_pain,417c.wav,/kaggle/input/baby-kusen/Raw data/belly_pain/417c.wav,5.0,22050
belly_pain,457c.wav,/kaggle/input/baby-kusen/Raw data/belly_pain/457c.wav,6.92,22050
belly_pain,383c.wav,/kaggle/input/baby-kusen/Raw data/belly_pain/383c.wav,7.0,22050
belly_pain,424c.wav,/kaggle/input/baby-kusen/Raw data/belly_pain/424c.wav,5.0,22050
belly_pain,643D64AD-B711-469A-AF69-55C0D5D3E30F-1430138591-1.0-m-72-bp.wav,/kaggle/input/baby-kusen/Raw data/belly_pain/643D64AD-B711-469A-AF69-55C0D5D3E30F-1430138591-1.0-m-72-bp.wav,7.0,22050
belly_pain,413c.wav,/kaggle/input/baby-kusen/Raw data/belly_pain/413c.wav,5.0,22050
belly_pain,419c.wav,/kaggle/input/baby-kusen/Raw data/belly_pain/419c.wav,5.0,22050
belly_pain,372c.wav,/kaggle/input/baby-kusen/Raw data/belly_pain/372c.wav,7.0,22050
belly_pain,462c.wav,/kaggle/input/baby-kusen/Raw data/belly_pain/462c.wav,6.96,22050
belly_pain,421c.wav,/kaggle/input/baby-kusen/Raw data/belly_pain/421c.wav,5.0,22050
belly_pain,bp-2.wav,/kaggle/input/baby-kusen/Raw data/belly_pain/bp-2.wav,6.86,22050
belly_pain,643D64AD-B711-469A-AF69-55C0D5D3E30F-1430138647-1.0-m-72-bp.wav,/kaggle/input/baby-kusen/Raw data/belly_pain/643D64AD-B711-469A-AF69-55C0D5D3E30F-1430138647-1.0-m-72-bp.wav,7.0,22050
belly_pain,643D64AD-B711-469A-AF69-55C0D5D3E30F-1430138495-.wav,/kaggle/input/baby-kusen/Raw data/belly_pain/643D64AD-B711-469A-AF69-55C0D5D3E30F-1430138495-.wav,6.013968253968254,22050
belly_pain,458c.wav,/kaggle/input/baby-kusen/Raw data/belly_pain/458c.wav,6.94,22050
belly_pain,385c.wav,/kaggle/input/baby-kusen/Raw data/belly_pain/385c.wav,7.0,22050
belly_pain,393c.wav,/kaggle/input/baby-kusen/Raw data/belly_pain/393c.wav,7.0,22050
belly_pain,389c.wav,/kaggle/input/baby-kusen/Raw data/belly_pain/389c.wav,7.0,22050
belly_pain,373c.wav,/kaggle/input/baby-kusen/Raw data/belly_pain/373c.wav,7.0,22050
belly_pain,382c.wav,/kaggle/input/baby-kusen/Raw data/belly_pain/382c.wav,7.0,22050
belly_pain,432c.wav,/kaggle/input/baby-kusen/Raw data/belly_pain/432c.wav,5.0,22050
belly_pain,415c.wav,/kaggle/input/baby-kusen/Raw data/belly_pain/415c.wav,5.0,22050
belly_pain,364c.wav,/kaggle/input/baby-kusen/Raw data/belly_pain/364c.wav,7.0,22050
belly_pain,442c.wav,/kaggle/input/baby-kusen/Raw data/belly_pain/442c.wav,6.86,22050
belly_pain,428c.wav,/kaggle/input/baby-kusen/Raw data/belly_pain/428c.wav,5.0,22050
belly_pain,374c.wav,/kaggle/input/baby-kusen/Raw data/belly_pain/374c.wav,7.0,22050
belly_pain,384c.wav,/kaggle/input/baby-kusen/Raw data/belly_pain/384c.wav,7.0,22050
belly_pain,464c.wav,/kaggle/input/baby-kusen/Raw data/belly_pain/464c.wav,6.52,22050
belly_pain,643D64AD-B711-469A-AF69-55C0D5D3E30F-1430138506-1.0-m-72-bp.wav,/kaggle/input/baby-kusen/Raw data/belly_pain/643D64AD-B711-469A-AF69-55C0D5D3E30F-1430138506-1.0-m-72-bp.wav,7.0,22050
belly_pain,409c.wav,/kaggle/input/baby-kusen/Raw data/belly_pain/409c.wav,5.0,22050
belly_pain,412c.wav,/kaggle/input/baby-kusen/Raw data/belly_pain/412c.wav,5.0,22050
belly_pain,399c.wav,/kaggle/input/baby-kusen/Raw data/belly_pain/399c.wav,7.0,22050
belly_pain,386c.wav,/kaggle/input/baby-kusen/Raw data/belly_pain/386c.wav,7.0,22050
belly_pain,376c.wav,/kaggle/input/baby-kusen/Raw data/belly_pain/376c.wav,7.0,22050
belly_pain,446c.wav,/kaggle/input/baby-kusen/Raw data/belly_pain/446c.wav,6.96,22050
belly_pain,395c.wav,/kaggle/input/baby-kusen/Raw data/belly_pain/395c.wav,7.0,22050
belly_pain,bp-18.wav,/kaggle/input/baby-kusen/Raw data/belly_pain/bp-18.wav,6.96,22050
belly_pain,440c.wav,/kaggle/input/baby-kusen/Raw data/belly_pain/440c.wav,5.0,22050
belly_pain,411c.wav,/kaggle/input/baby-kusen/Raw data/belly_pain/411c.wav,5.0,22050
belly_pain,444c.wav,/kaggle/input/baby-kusen/Raw data/belly_pain/444c.wav,6.96,22050
belly_pain,371c.wav,/kaggle/input/baby-kusen/Raw data/belly_pain/371c.wav,7.0,22050
belly_pain,69BDA5D6-0276-4462-9BF7-951799563728-1436936185-1.1-m-26-bp.wav,/kaggle/input/baby-kusen/Raw data/belly_pain/69BDA5D6-0276-4462-9BF7-951799563728-1436936185-1.1-m-26-bp.wav,7.0,22050
belly_pain,bp-22.wav,/kaggle/input/baby-kusen/Raw data/belly_pain/bp-22.wav,6.84,22050
belly_pain,400c.wav,/kaggle/input/baby-kusen/Raw data/belly_pain/400c.wav,7.0,22050
belly_pain,403c.wav,/kaggle/input/baby-kusen/Raw data/belly_pain/403c.wav,5.0,22050
belly_pain,429c.wav,/kaggle/input/baby-kusen/Raw data/belly_pain/429c.wav,5.0,22050
belly_pain,453c.wav,/kaggle/input/baby-kusen/Raw data/belly_pain/453c.wav,6.92,22050
belly_pain,452c.wav,/kaggle/input/baby-kusen/Raw data/belly_pain/452c.wav,6.9,22050
belly_pain,437c.wav,/kaggle/input/baby-kusen/Raw data/belly_pain/437c.wav,5.0,22050
belly_pain,999bf14b-e417-4b44-b746-9253f81efe38-1430974001343-1.7-m-26-bp.wav,/kaggle/input/baby-kusen/Raw data/belly_pain/999bf14b-e417-4b44-b746-9253f81efe38-1430974001343-1.7-m-26-bp.wav,6.9,22050
belly_pain,420c.wav,/kaggle/input/baby-kusen/Raw data/belly_pain/420c.wav,5.0,22050
belly_pain,423c.wav,/kaggle/input/baby-kusen/Raw data/belly_pain/423c.wav,5.0,22050
belly_pain,379c.wav,/kaggle/input/baby-kusen/Raw data/belly_pain/379c.wav,7.0,22050
belly_pain,449c.wav,/kaggle/input/baby-kusen/Raw data/belly_pain/449c.wav,6.88,22050
belly_pain,d6cda191-4962-4308-9a36-46d5648a95ed-1431159272600-1.7-m-04-bp.wav,/kaggle/input/baby-kusen/Raw data/belly_pain/d6cda191-4962-4308-9a36-46d5648a95ed-1431159272600-1.7-m-04-bp.wav,6.84,22050
belly_pain,363c.wav,/kaggle/input/baby-kusen/Raw data/belly_pain/363c.wav,7.0,22050
belly_pain,377c.wav,/kaggle/input/baby-kusen/Raw data/belly_pain/377c.wav,7.0,22050
belly_pain,549a46d8-9c84-430e-ade8-97eae2bef787-1430130772174-1.7-m-48-bp.wav,/kaggle/input/baby-kusen/Raw data/belly_pain/549a46d8-9c84-430e-ade8-97eae2bef787-1430130772174-1.7-m-48-bp.wav,6.86,22050
belly_pain,360c.wav,/kaggle/input/baby-kusen/Raw data/belly_pain/360c.wav,7.0,22050
belly_pain,459c.wav,/kaggle/input/baby-kusen/Raw data/belly_pain/459c.wav,6.88,22050
belly_pain,C421C6FE-DFEE-4080-8AEA-848E7CE4756B-1430548333-1.0-f-26-bp.wav,/kaggle/input/baby-kusen/Raw data/belly_pain/C421C6FE-DFEE-4080-8AEA-848E7CE4756B-1430548333-1.0-f-26-bp.wav,7.0,22050
belly_pain,431c.wav,/kaggle/input/baby-kusen/Raw data/belly_pain/431c.wav,5.0,22050
belly_pain,d6cda191-4962-4308-9a36-46d5648a95ed-1431159262344-1.7-m-04-bp.wav,/kaggle/input/baby-kusen/Raw data/belly_pain/d6cda191-4962-4308-9a36-46d5648a95ed-1431159262344-1.7-m-04-bp.wav,6.82,22050
belly_pain,388c.wav,/kaggle/input/baby-kusen/Raw data/belly_pain/388c.wav,7.0,22050
belly_pain,434c.wav,/kaggle/input/baby-kusen/Raw data/belly_pain/434c.wav,5.0,22050
belly_pain,406c.wav,/kaggle/input/baby-kusen/Raw data/belly_pain/406c.wav,5.0,22050
belly_pain,bp-23.wav,/kaggle/input/baby-kusen/Raw data/belly_pain/bp-23.wav,6.84,22050
belly_pain,bp-17.wav,/kaggle/input/baby-kusen/Raw data/belly_pain/bp-17.wav,6.9,22050
belly_pain,405c.wav,/kaggle/input/baby-kusen/Raw data/belly_pain/405c.wav,5.0,22050
belly_pain,418c.wav,/kaggle/input/baby-kusen/Raw data/belly_pain/418c.wav,5.0,22050
belly_pain,407c.wav,/kaggle/input/baby-kusen/Raw data/belly_pain/407c.wav,5.0,22050
belly_pain,643D64AD-B711-469A-AF69-55C0D5D3E30F-1430138514-1.0-m-72-bp.wav,/kaggle/input/baby-kusen/Raw data/belly_pain/643D64AD-B711-469A-AF69-55C0D5D3E30F-1430138514-1.0-m-72-bp.wav,7.0,22050
belly_pain,443c.wav,/kaggle/input/baby-kusen/Raw data/belly_pain/443c.wav,6.94,22050
belly_pain,365c.wav,/kaggle/input/baby-kusen/Raw data/belly_pain/365c.wav,7.0,22050
belly_pain,d6cda191-4962-4308-9a36-46d5648a95ed-1431700390946-1.7-m-04-bp.wav,/kaggle/input/baby-kusen/Raw data/belly_pain/d6cda191-4962-4308-9a36-46d5648a95ed-1431700390946-1.7-m-04-bp.wav,6.84,22050
belly_pain,643D64AD-B711-469A-AF69-55C0D5D3E30F-1430138545-1.0-m-72-bp.wav,/kaggle/input/baby-kusen/Raw data/belly_pain/643D64AD-B711-469A-AF69-55C0D5D3E30F-1430138545-1.0-m-72-bp.wav,7.0,22050
belly_pain,436c.wav,/kaggle/input/baby-kusen/Raw data/belly_pain/436c.wav,5.0,22050
belly_pain,bp-21.wav,/kaggle/input/baby-kusen/Raw data/belly_pain/bp-21.wav,6.82,22050
belly_pain,426c.wav,/kaggle/input/baby-kusen/Raw data/belly_pain/426c.wav,5.0,22050
belly_pain,402c.wav,/kaggle/input/baby-kusen/Raw data/belly_pain/402c.wav,5.0,22050
belly_pain,394c.wav,/kaggle/input/baby-kusen/Raw data/belly_pain/394c.wav,7.0,22050
belly_pain,451c.wav,/kaggle/input/baby-kusen/Raw data/belly_pain/451c.wav,6.9,22050
belly_pain,414c.wav,/kaggle/input/baby-kusen/Raw data/belly_pain/414c.wav,5.0,22050
belly_pain,381c.wav,/kaggle/input/baby-kusen/Raw data/belly_pain/381c.wav,7.0,22050
belly_pain,439c.wav,/kaggle/input/baby-kusen/Raw data/belly_pain/439c.wav,5.0,22050
belly_pain,357c.wav,/kaggle/input/baby-kusen/Raw data/belly_pain/357c.wav,7.0,22050
belly_pain,643D64AD-B711-469A-AF69-55C0D5D3E30F-1430138536-1.0-m-72-bp.wav,/kaggle/input/baby-kusen/Raw data/belly_pain/643D64AD-B711-469A-AF69-55C0D5D3E30F-1430138536-1.0-m-72-bp.wav,7.0,22050
belly_pain,450c.wav,/kaggle/input/baby-kusen/Raw data/belly_pain/450c.wav,6.92,22050
belly_pain,404c.wav,/kaggle/input/baby-kusen/Raw data/belly_pain/404c.wav,5.0,22050
belly_pain,401c.wav,/kaggle/input/baby-kusen/Raw data/belly_pain/401c.wav,5.0,22050
belly_pain,441c.wav,/kaggle/input/baby-kusen/Raw data/belly_pain/441c.wav,5.0,22050
belly_pain,430c.wav,/kaggle/input/baby-kusen/Raw data/belly_pain/430c.wav,5.0,22050
belly_pain,390c.wav,/kaggle/input/baby-kusen/Raw data/belly_pain/390c.wav,7.0,22050
belly_pain,643D64AD-B711-469A-AF69-55C0D5D3E30F-1430138524-1.0-m-72-bp.wav,/kaggle/input/baby-kusen/Raw data/belly_pain/643D64AD-B711-469A-AF69-55C0D5D3E30F-1430138524-1.0-m-72-bp.wav,7.0,22050
belly_pain,435c.wav,/kaggle/input/baby-kusen/Raw data/belly_pain/435c.wav,5.0,22050
belly_pain,425c.wav,/kaggle/input/baby-kusen/Raw data/belly_pain/425c.wav,5.0,22050
belly_pain,358c.wav,/kaggle/input/baby-kusen/Raw data/belly_pain/358c.wav,7.0,22050
belly_pain,456c.wav,/kaggle/input/baby-kusen/Raw data/belly_pain/456c.wav,6.92,22050
belly_pain,445c.wav,/kaggle/input/baby-kusen/Raw data/belly_pain/445c.wav,6.92,22050
belly_pain,ae5f103b-5fee-442f-bb1b-d9d0570c46ab-1431533857965-1.7-m-26-bp.wav,/kaggle/input/baby-kusen/Raw data/belly_pain/ae5f103b-5fee-442f-bb1b-d9d0570c46ab-1431533857965-1.7-m-26-bp.wav,6.96,22050
belly_pain,427c.wav,/kaggle/input/baby-kusen/Raw data/belly_pain/427c.wav,5.0,22050
belly_pain,359c.wav,/kaggle/input/baby-kusen/Raw data/belly_pain/359c.wav,7.0,22050
belly_pain,455c.wav,/kaggle/input/baby-kusen/Raw data/belly_pain/455c.wav,6.86,22050
belly_pain,461c.wav,/kaggle/input/baby-kusen/Raw data/belly_pain/461c.wav,6.9,22050
belly_pain,410c.wav,/kaggle/input/baby-kusen/Raw data/belly_pain/410c.wav,5.0,22050
belly_pain,433c.wav,/kaggle/input/baby-kusen/Raw data/belly_pain/433c.wav,5.0,22050
belly_pain,448c.wav,/kaggle/input/baby-kusen/Raw data/belly_pain/448c.wav,7.04,22050
belly_pain,438c.wav,/kaggle/input/baby-kusen/Raw data/belly_pain/438c.wav,5.0,22050
belly_pain,460c.wav,/kaggle/input/baby-kusen/Raw data/belly_pain/460c.wav,6.9,22050
belly_pain,378c.wav,/kaggle/input/baby-kusen/Raw data/belly_pain/378c.wav,7.0,22050
belly_pain,447c.wav,/kaggle/input/baby-kusen/Raw data/belly_pain/447c.wav,6.94,22050
belly_pain,408c.wav,/kaggle/input/baby-kusen/Raw data/belly_pain/408c.wav,5.0,22050
belly_pain,416c.wav,/kaggle/input/baby-kusen/Raw data/belly_pain/416c.wav,5.0,22050
belly_pain,422c.wav,/kaggle/input/baby-kusen/Raw data/belly_pain/422c.wav,5.0,22050
belly_pain,454c.wav,/kaggle/input/baby-kusen/Raw data/belly_pain/454c.wav,7.02,22050
belly_pain,375c.wav,/kaggle/input/baby-kusen/Raw data/belly_pain/375c.wav,7.0,22050
belly_pain,391c.wav,/kaggle/input/baby-kusen/Raw data/belly_pain/391c.wav,7.0,22050
belly_pain,387c.wav,/kaggle/input/baby-kusen/Raw data/belly_pain/387c.wav,7.0,22050
tired,325c.wav,/kaggle/input/baby-kusen/Raw data/tired/325c.wav,6.54,22050
tired,287c.wav,/kaggle/input/baby-kusen/Raw data/tired/287c.wav,6.74,22050
tired,258c.wav,/kaggle/input/baby-kusen/Raw data/tired/258c.wav,7.0,22050
tired,289c.wav,/kaggle/input/baby-kusen/Raw data/tired/289c.wav,6.96,22050
tired,308c.wav,/kaggle/input/baby-kusen/Raw data/tired/308c.wav,6.72,22050
tired,319c.wav,/kaggle/input/baby-kusen/Raw data/tired/319c.wav,6.9,22050
tired,276c.wav,/kaggle/input/baby-kusen/Raw data/tired/276c.wav,7.0,22050
tired,261c.wav,/kaggle/input/baby-kusen/Raw data/tired/261c.wav,6.9,22050
tired,ca7d8d54-13cb-4060-8db4-90651b60c078-1434674792223.wav,/kaggle/input/baby-kusen/Raw data/tired/ca7d8d54-13cb-4060-8db4-90651b60c078-1434674792223.wav,4.9458503401360545,22050
tired,318c.wav,/kaggle/input/baby-kusen/Raw data/tired/318c.wav,6.9,22050
tired,262c.wav,/kaggle/input/baby-kusen/Raw data/tired/262c.wav,6.9,22050
tired,336c.wav,/kaggle/input/baby-kusen/Raw data/tired/336c.wav,7.0,22050
tired,263c.wav,/kaggle/input/baby-kusen/Raw data/tired/263c.wav,6.96,22050
tired,329c.wav,/kaggle/input/baby-kusen/Raw data/tired/329c.wav,6.94,22050
tired,1309B82C-F146-46F0-A723-45345AFA6EA8-1430059864-1.0-f-04-ti.wav,/kaggle/input/baby-kusen/Raw data/tired/1309B82C-F146-46F0-A723-45345AFA6EA8-1430059864-1.0-f-04-ti.wav,7.0,22050
tired,328c.wav,/kaggle/input/baby-kusen/Raw data/tired/328c.wav,6.92,22050
tired,253c.wav,/kaggle/input/baby-kusen/Raw data/tired/253c.wav,7.0,22050
tired,300c.wav,/kaggle/input/baby-kusen/Raw data/tired/300c.wav,6.92,22050
tired,285c.wav,/kaggle/input/baby-kusen/Raw data/tired/285c.wav,7.0,22050
tired,330c.wav,/kaggle/input/baby-kusen/Raw data/tired/330c.wav,6.94,22050
tired,302c.wav,/kaggle/input/baby-kusen/Raw data/tired/302c.wav,6.94,22050
tired,321c.wav,/kaggle/input/baby-kusen/Raw data/tired/321c.wav,7.0,22050
tired,313c.wav,/kaggle/input/baby-kusen/Raw data/tired/313c.wav,6.9,22050
tired,268c.wav,/kaggle/input/baby-kusen/Raw data/tired/268c.wav,5.9675283446712015,22050
tired,341c.wav,/kaggle/input/baby-kusen/Raw data/tired/341c.wav,7.0,22050
tired,335c.wav,/kaggle/input/baby-kusen/Raw data/tired/335c.wav,7.0,22050
tired,d6cda191-4962-4308-9a36-46d5648a95ed-1431587887997.wav,/kaggle/input/baby-kusen/Raw data/tired/d6cda191-4962-4308-9a36-46d5648a95ed-1431587887997.wav,6.106848072562358,22050
tired,348c.wav,/kaggle/input/baby-kusen/Raw data/tired/348c.wav,7.0,22050
tired,315c.wav,/kaggle/input/baby-kusen/Raw data/tired/315c.wav,6.9,22050
tired,03ADDCFB-354E-416D-BF32-260CF47F7060-1433658024-1.1-f-04-ti.wav,/kaggle/input/baby-kusen/Raw data/tired/03ADDCFB-354E-416D-BF32-260CF47F7060-1433658024-1.1-f-04-ti.wav,7.0,22050
tired,320c.wav,/kaggle/input/baby-kusen/Raw data/tired/320c.wav,7.0,22050
tired,305c.wav,/kaggle/input/baby-kusen/Raw data/tired/305c.wav,6.78,22050
tired,254c.wav,/kaggle/input/baby-kusen/Raw data/tired/254c.wav,7.0,22050
tired,295c.wav,/kaggle/input/baby-kusen/Raw data/tired/295c.wav,6.106848072562358,22050
tired,310c.wav,/kaggle/input/baby-kusen/Raw data/tired/310c.wav,6.733786848072563,22050
tired,ti-41.wav,/kaggle/input/baby-kusen/Raw data/tired/ti-41.wav,6.82,22050
tired,ti-42.wav,/kaggle/input/baby-kusen/Raw data/tired/ti-42.wav,6.82,22050
tired,309c.wav,/kaggle/input/baby-kusen/Raw data/tired/309c.wav,7.0,22050
tired,7A22229D-06C2-4AAA-9674-DE5DF1906B3A-1436891944-1.1-m-72-ti.wav,/kaggle/input/baby-kusen/Raw data/tired/7A22229D-06C2-4AAA-9674-DE5DF1906B3A-1436891944-1.1-m-72-ti.wav,7.0,22050
tired,1309B82C-F146-46F0-A723-45345AFA6EA8-1431172241-1.0-f-48-ti.wav,/kaggle/input/baby-kusen/Raw data/tired/1309B82C-F146-46F0-A723-45345AFA6EA8-1431172241-1.0-f-48-ti.wav,7.0,22050
tired,298c.wav,/kaggle/input/baby-kusen/Raw data/tired/298c.wav,6.92,22050
tired,06c4cfa2-7fa6-4fda-91a1-ea186a4acc64-1430029237378-1.7-f-26-ti.wav,/kaggle/input/baby-kusen/Raw data/tired/06c4cfa2-7fa6-4fda-91a1-ea186a4acc64-1430029237378-1.7-f-26-ti.wav,6.66,22050
tired,340c.wav,/kaggle/input/baby-kusen/Raw data/tired/340c.wav,7.0,22050
tired,349c.wav,/kaggle/input/baby-kusen/Raw data/tired/349c.wav,7.0,22050
tired,292c.wav,/kaggle/input/baby-kusen/Raw data/tired/292c.wav,6.68,22050
tired,303c.wav,/kaggle/input/baby-kusen/Raw data/tired/303c.wav,6.94,22050
tired,317c.wav,/kaggle/input/baby-kusen/Raw data/tired/317c.wav,6.9,22050
tired,275c.wav,/kaggle/input/baby-kusen/Raw data/tired/275c.wav,6.96,22050
tired,d6cda191-4962-4308-9a36-46d5648a95ed-1431616581736-1.7-m-04-ti.wav,/kaggle/input/baby-kusen/Raw data/tired/d6cda191-4962-4308-9a36-46d5648a95ed-1431616581736-1.7-m-04-ti.wav,6.84,22050
tired,311c.wav,/kaggle/input/baby-kusen/Raw data/tired/311c.wav,6.9,22050
tired,284c.wav,/kaggle/input/baby-kusen/Raw data/tired/284c.wav,7.0,22050
tired,273c.wav,/kaggle/input/baby-kusen/Raw data/tired/273c.wav,6.94,22050
tired,347c.wav,/kaggle/input/baby-kusen/Raw data/tired/347c.wav,7.0,22050
tired,326c.wav,/kaggle/input/baby-kusen/Raw data/tired/326c.wav,6.54,22050
tired,342c.wav,/kaggle/input/baby-kusen/Raw data/tired/342c.wav,7.0,22050
tired,260c.wav,/kaggle/input/baby-kusen/Raw data/tired/260c.wav,7.0,22050
tired,339c.wav,/kaggle/input/baby-kusen/Raw data/tired/339c.wav,7.0,22050
tired,79FF400A-97E2-4701-987D-C7C850D5523C-1430089487-1.0-f-48-ti.wav,/kaggle/input/baby-kusen/Raw data/tired/79FF400A-97E2-4701-987D-C7C850D5523C-1430089487-1.0-f-48-ti.wav,7.0,22050
tired,d6cda191-4962-4308-9a36-46d5648a95ed-1431587899682-1.7-m-04-ti.wav,/kaggle/input/baby-kusen/Raw data/tired/d6cda191-4962-4308-9a36-46d5648a95ed-1431587899682-1.7-m-04-ti.wav,6.82,22050
tired,256c.wav,/kaggle/input/baby-kusen/Raw data/tired/256c.wav,7.0,22050
tired,270c.wav,/kaggle/input/baby-kusen/Raw data/tired/270c.wav,5.572789115646258,22050
tired,280c.wav,/kaggle/input/baby-kusen/Raw data/tired/280c.wav,6.78,22050
tired,06c4cfa2-7fa6-4fda-91a1-ea186a4acc64-1430029221058-1.7-f-26-ti.wav,/kaggle/input/baby-kusen/Raw data/tired/06c4cfa2-7fa6-4fda-91a1-ea186a4acc64-1430029221058-1.7-f-26-ti.wav,6.68,22050
tired,282c.wav,/kaggle/input/baby-kusen/Raw data/tired/282c.wav,6.92,22050
tired,ti-25.wav,/kaggle/input/baby-kusen/Raw data/tired/ti-25.wav,6.78,22050
tired,306c.wav,/kaggle/input/baby-kusen/Raw data/tired/306c.wav,6.640907029478458,22050
tired,322c.wav,/kaggle/input/baby-kusen/Raw data/tired/322c.wav,7.0,22050
tired,327c.wav,/kaggle/input/baby-kusen/Raw data/tired/327c.wav,6.92,22050
tired,250c.wav,/kaggle/input/baby-kusen/Raw data/tired/250c.wav,7.0,22050
tired,248c.wav,/kaggle/input/baby-kusen/Raw data/tired/248c.wav,7.0,22050
tired,272c.wav,/kaggle/input/baby-kusen/Raw data/tired/272c.wav,6.96,22050
tired,ti-3.wav,/kaggle/input/baby-kusen/Raw data/tired/ti-3.wav,6.66,22050
tired,290c.wav,/kaggle/input/baby-kusen/Raw data/tired/290c.wav,6.94,22050
tired,252.wav,/kaggle/input/baby-kusen/Raw data/tired/252.wav,6.339047619047619,22050
tired,b4c460d8-bd6b-4017-9bb8-2ae4ff0c5af1-1430418266487-1.7-f-26-ti.wav,/kaggle/input/baby-kusen/Raw data/tired/b4c460d8-bd6b-4017-9bb8-2ae4ff0c5af1-1430418266487-1.7-f-26-ti.wav,6.92,22050
tired,06c4cfa2-7fa6-4fda-91a1-ea186a4acc64-1430029246453-1.7-f-26-ti.wav,/kaggle/input/baby-kusen/Raw data/tired/06c4cfa2-7fa6-4fda-91a1-ea186a4acc64-1430029246453-1.7-f-26-ti.wav,6.52,22050
tired,259c.wav,/kaggle/input/baby-kusen/Raw data/tired/259c.wav,7.0,22050
tired,271c.wav,/kaggle/input/baby-kusen/Raw data/tired/271c.wav,6.94,22050
tired,274c.wav,/kaggle/input/baby-kusen/Raw data/tired/274c.wav,7.0,22050
tired,281c.wav,/kaggle/input/baby-kusen/Raw data/tired/281c.wav,6.92,22050
tired,264c.wav,/kaggle/input/baby-kusen/Raw data/tired/264c.wav,6.94,22050
tired,266c.wav,/kaggle/input/baby-kusen/Raw data/tired/266c.wav,6.68,22050
